WDPA_ID,WDPA_NAME,COUNT_TOTAL_SPECIES,COUNT_CC_VULNERABLE_SPECIES,PERCENT_CC_VULNERABLE_SPECIES
597,Boucle de la Pendjari,599,60,10.02
641,Zakouma,408,55,13.48
642,Manda,508,62,12.20
669,Mole,656,70,10.67
670,Digya,754,107,14.19
671,Bui,671,86,12.82
672,Bia,704,124,17.61
721,Taï,752,139,18.48
722,Marahoue,782,120,15.35
723,Mont Sangbe,677,95,14.03
724,Mont Peko,715,124,17.34
725,Banco,710,137,19.30
818,W du Niger,570,71,12.46
819,Kainji Lake,664,76,11.45
865,Niokolo Koba,680,69,10.15
866,Delta du Saloum,642,77,11.99
867,Oiseaux de Djoudj,471,76,16.14
868,Basse-Casamance,593,66,11.13
869,Langue de Barbarie,492,77,15.65
1048,W du Burkina Faso,595,70,11.76
1049,Kabore-Tambi,550,62,11.27
1250,Ouadi-Rimé-Ouadi Achim,2,0,0.00
1293,Haut Bandama,625,71,11.36
1295,Mount Nimba,818,151,18.46
1332,Yankari,608,60,9.87
1543,Kogyae,648,92,14.20
2252,Djona,566,66,11.66
2253,Pendjari,602,62,10.30
2254,Atakora,592,65,10.98
2288,River Gambia,606,63,10.40
2289,Kiang West,650,72,11.08
2290,Niumi,638,77,12.07
2293,N'Zo,724,137,18.92
2321,Gourma,69,26,37.68
2322,Badinko,476,53,11.13
2324,Kongossambougou,430,52,12.09
2325,Kéniébaoulé,579,66,11.40
2327,Ansongo Menaka,39,13,33.33
2328,Baoulé,484,59,12.19
2329,Fina,507,55,10.85
2331,Tamou,541,69,12.75
2332,Ferlo-Sud,480,60,12.50
2333,Ferlo-Nord,434,74,17.05
2339,Kéran,633,63,9.95
2340,Fazao-Malfakassa,714,87,12.18
2341,Togodo,652,89,13.65
2342,Fosse aux Lions,589,61,10.36
2344,Deux Bales,552,73,13.22
2578,Djoudj National Bird Sanctuary,473,76,16.07
2580,Niokolo-Koba National Park,680,69,10.15
3213,Sousan,542,60,11.07
3214,Abuko,637,73,11.46
3225,Sahel,35,13,37.14
3226,Kourtiagou,566,60,10.60
3228,Pama,593,67,11.30
3229,Singou,559,60,10.73
3230,Gadabedji,264,50,18.94
4488,Arly,578,60,10.38
4489,Bontioli,559,65,11.63
5003,Taï National Park,747,139,18.61
5150,Bia,704,124,17.61
5151,Shai Hills,702,116,16.52
5152,Kalakpa,695,99,14.24
5153,Gbele,573,56,9.77
5154,Owabi,688,118,17.15
5155,Bomfobiri,655,104,15.88
5156,Kuyambana,597,71,11.89
5157,Kétou,578,76,13.15
5158,La Lama Nord,638,99,15.52
5159,Agrimey,626,96,15.34
5160,Atchérigbé,722,95,13.16
5161,Djigbé,624,94,15.06
5162,Ouémé Boukou,565,63,11.15
5164,Bahr Salamat,52,16,30.77
5165,Siniaka-Minia,489,75,15.34
5166,Mandelia,551,90,16.33
5168,Binder-Léré,555,71,12.79
5173,Nini-Suhien,705,138,19.57
5177,Opara,645,85,13.18
5178,Ndiael,496,77,15.52
5179,Western Area,633,100,15.80
5180,Kangari Hills,715,115,16.08
6950,Gougoun,557,64,11.49
6951,La Sota,559,61,10.91
6952,Trois Rivières,582,60,10.31
6953,L'Alibori Supérieur,585,61,10.43
6954,Ouémé Superieur,636,75,11.79
6955,Ouari Maro,584,61,10.45
6956,Monts Kouffé,578,59,10.21
7390,Divo,688,127,18.46
7409,Sapo,641,127,19.81
7414,Wonegisi,803,144,17.93
7417,Outamba,645,72,11.16
7463,Ifon,607,110,18.12
7465,Okomu,640,144,22.50
7516,Koflande,573,52,9.08
7517,Dida,583,53,9.09
7518,Diefoula,588,52,8.84
7522,Azagny,717,136,18.97
7523,Comoe,81,23,28.40
7834,Ebbe/Kampe,587,63,10.73
7838,Ohosu,647,135,20.87
7843,Orle River,620,109,17.58
7844,Gilli-Gilli,608,139,22.86
7845,Anambra,615,119,19.35
7846,Udi/Nsukka,608,108,17.76
7851,Stubbs Creek,670,162,24.18
7852,Ibi,560,61,10.89
7856,Pai River,577,55,9.53
7860,Lame-Burra,628,67,10.67
7863,Dagida,598,62,10.37
7864,Alawa,590,62,10.51
7870,Sambisa,561,82,14.62
7872,Baturiya Wetlands,500,73,14.60
7873,Gashaka-Gumti,751,105,13.98
7874,Kamuku,563,58,10.30
7875,Falgore (Kogin Kano),571,55,9.63
7957,Agoua,593,63,10.62
8515,Tonkoli,726,108,14.88
8516,Tama,727,111,15.27
8517,Loma Mountains,718,106,14.76
9024,Aïr and Ténéré,1,1,100.00
9033,Fada Archei,153,31,20.26
9034,Abou Telfane,369,50,13.55
9170,Grebo,701,138,19.69
9171,Gola,731,133,18.19
9176,East Nimba,811,145,17.88
9264,Arly,578,62,10.73
9265,Madjoari,564,59,10.46
9545,Comoé National Park,81,23,28.40
10732,Sankan Biriwa (Tingi Hills),719,105,14.60
10733,Kuru Hills,654,70,10.70
10741,Tiwai Island Sanctuary,662,118,17.82
11596,Kambari,569,56,9.84
11597,Kashimbila,655,103,15.73
11599,Meko,649,92,14.18
11609,Boé,593,55,9.27
12201,W (Benin),612,71,11.60
13749,Mare d'Oursi Bird Sanctuary,378,56,14.81
13930,Foret de Maka-Diama,462,71,15.37
17367,Réserve Naturelle Nationale de Termit et de Tin Toumma,4,1,25.00
17727,Parc national du ?W?,569,70,12.30
19249,Western Area Peninsula Forest,649,103,15.87
19277,Dogo,609,84,13.79
20171,Cliff of Bandiagara (Land of the Dogons),560,92,16.43
20174,Iles Ehotile,701,138,19.69
20175,Nimba West,771,135,17.51
20177,Wologizi,794,145,18.26
20299,Cross River,952,209,21.95
20975,Galangashie,607,58,9.56
20976,Djamdè,582,56,9.62
20978,Abdoulaye,585,57,9.74
26440,Abutia Hills,690,100,14.49
26441,Bombi,591,58,9.81
26442,Daka Headwaters,605,58,9.59
26443,Gambaga East,630,70,11.11
26444,Gambaga West I,585,57,9.74
26446,Kumbo,703,86,12.23
26447,Marago River,614,69,11.24
26448,Nasia Tributaries,590,57,9.66
26449,Dede,742,118,15.90
26450,Sapawsu,710,109,15.35
26451,Aboben Hill,720,113,15.69
26452,Volta River,749,121,16.15
26453,Obotumfo Hills,686,118,17.20
26454,Ahirasu (Blocks I & II),688,117,17.01
26455,Akrobong,691,118,17.08
26456,Abasumba,687,117,17.03
26457,Anhwiaso North,658,122,18.54
26458,Sekondi Waterworks (Blocks II and III),687,139,20.23
26460,Kakum,736,145,19.70
26462,Boabeng-Fiema,605,83,13.72
26463,Assin-Attandanso,726,141,19.42
26501,Red Volta East,625,71,11.36
26505,Apepesu River,665,78,11.73
26506,Asuokoko River,672,84,12.50
26507,Chai River,687,81,11.79
26509,Kabakaba Hills,704,100,14.20
26510,Kabo River,672,86,12.80
26511,Klemu Headwaters,704,100,14.20
26513,Kpandu Range (Dayi Block),682,96,14.08
26514,Odomi River,674,87,12.91
26515,Togo Plateau,688,90,13.08
26516,Kpandu Range West,736,110,14.95
26522,Kulpawn Headwaters,536,59,11.01
26524,Mawbia,568,57,10.04
26525,Nandom/Lambussie,574,69,12.02
26526,Nuale,582,58,9.97
26527,Polli,579,70,12.09
26528,Pudu Hills,545,59,10.83
26530,Tapania,573,72,12.57
26531,Tumu,542,58,10.70
26535,Chasi River,548,59,10.77
26536,Chiana Hills,557,60,10.77
26538,Giah,565,56,9.91
26543,Pogi,568,57,10.04
26544,Red Volta West,596,62,10.40
26546,Sissili Central,569,58,10.19
26547,Sissili North,555,59,10.63
26551,Wiaga,563,57,10.12
26552,Wiaga Kandema,574,57,9.93
26553,Damango Scarp,595,58,9.75
26558,Yakombo,683,83,12.15
26559,Yerada,625,72,11.52
26564,Lambo,590,62,10.51
26572,Asonari,683,114,16.69
26573,Krowam,656,108,16.46
26574,Kumawu Waters,655,108,16.49
26625,Old Oyo,685,96,14.01
26627,Lekki,659,140,21.24
28524,Kari,501,65,12.97
28525,Noussebou,521,65,12.48
28527,Pa,526,64,12.17
28528,Sa,494,66,13.36
28529,Sorobouly,528,68,12.88
28530,Tisse,522,66,12.64
28531,Toroba,500,65,13.00
28533,Wayen,496,59,11.90
28534,Barrage,499,59,11.82
28535,Pic Nahouri,541,61,11.28
28536,Bissiga,478,59,12.34
28537,Gonse,500,59,11.80
28540,Ouilingore,533,56,10.51
28541,Sitenga,483,50,10.35
28543,Tere,518,62,11.97
28544,Tui,528,65,12.31
28545,Bougouriba,548,66,12.04
28547,Koulbi,582,57,9.79
28548,Tougouri,425,50,11.76
28549,Dem,444,56,12.61
28550,Nakabe,471,59,12.53
28551,Baporo,526,68,12.93
28553,Laba,530,68,12.83
28554,Tiogo,520,65,12.50
28555,Nazinon,517,59,11.41
28556,Sissili,534,60,11.24
28557,Niouma,487,64,13.14
28558,Twesse,494,63,12.75
28559,Babolo,551,47,8.53
28560,Beregadougou,556,54,9.71
28561,Boulon,571,52,9.11
28562,Bounouna,555,54,9.73
28563,Gouandougou,551,56,10.16
28564,Logoniegue,591,52,8.80
28565,Niangoloko,567,50,8.82
28566,Source de Mouhoun,496,66,13.31
28568,Bambou,525,63,12.00
28569,Bansie,522,63,12.07
28570,Dan (Burkina Faso),543,59,10.87
28571,Dinderesso,548,65,11.86
28572,Kapo,531,63,11.86
28574,Koulima,556,65,11.69
28576,Maro,554,70,12.64
28578,Peni,575,65,11.30
28581,Mare aux Hippopotames,541,67,12.38
29066,Massif du Ziama,838,150,17.90
29067,Mount Nimba,839,151,18.00
29069,Badiar,544,50,9.19
29330,Kaloum,524,56,10.69
29331,Mt. Balan,534,57,10.67
29333,Khabitaye,543,52,9.58
29335,Dixinn,534,53,9.93
29337,Sierra-Fore,570,55,9.65
29339,Botokoly,571,53,9.28
29340,Gangan,588,58,9.86
29349,Sources de Kindia,574,56,9.76
29351,Grandes Chutes,554,50,9.03
29352,Damakhania,638,72,11.29
29353,Mt. Balandougou,528,43,8.14
29355,Goulgoul-Kankande,545,46,8.44
29356,Gueme Sangan,540,43,7.96
29357,Lefarani,568,75,13.20
29358,Paradji,512,45,8.79
29359,Foye-Madinadian,537,46,8.57
29366,Sere,543,56,10.31
29367,Bantarawel,507,50,9.86
29370,Fitacouna,531,46,8.66
29371,Diogoure,510,49,9.61
29372,Kambia,507,51,10.06
29373,Bellel,504,49,9.72
29375,Beauvois,508,49,9.65
29376,Soyah,523,47,8.99
29377,Konkoure Fetto,523,43,8.22
29378,Pinselli,538,48,8.92
29379,Darou-salam,506,50,9.88
29380,Banie,729,133,18.24
29381,Gueroual,510,49,9.61
29382,Mombeya,494,51,10.32
29384,Mirire,496,49,9.88
29385,Kala,500,49,9.80
29386,Tinka,546,52,9.52
29387,Fougoumba,496,48,9.68
29388,Miti Kambadaga,524,43,8.21
29391,Djimbera (Bantiguel),522,44,8.43
29394,Binti,516,41,7.95
29395,Sambalankan,519,46,8.86
29396,Kora,517,45,8.70
29397,Kakrima,510,41,8.04
29398,Sala,680,76,11.18
29399,Serima,521,46,8.83
29401,Haute-Komba,507,43,8.48
29402,Galy,495,51,10.30
29404,Dara-Labe,519,44,8.48
29406,Fello Sounga,512,42,8.20
29407,Tomine Koumba,510,44,8.63
29408,Fello Digue,506,44,8.70
29409,Badiar-sud,542,48,8.86
29410,N'Dama,552,50,9.06
29412,Mt. Loura,513,44,8.58
29413,Gambi,520,47,9.04
29414,Gouba,504,49,9.72
29415,N'Guidou,496,42,8.47
29416,Dokoro,491,46,9.37
29417,Bani,518,54,10.42
29419,Boula,494,46,9.31
29421,Previously called Mafou Classified Forest,582,68,11.68
29423,Souarela,529,61,11.53
29424,Chutes de Tinkisso,524,61,11.64
29425,Balayan-Souroumba,533,63,11.82
29426,Sincery-Ourssa,527,62,11.76
29428,Kabela,502,47,9.36
29434,Fello-Selouma,520,56,10.77
29435,Bakoun,530,50,9.43
29437,Sobory,496,47,9.48
29438,Tafsirla,521,57,10.94
29442,Koumban-Kourou,578,78,13.49
29443,Kourani-Oulete- Dienne,575,75,13.04
29445,L'Amana,570,68,11.93
29446,Baro,917,161,17.56
29448,Nono,538,61,11.34
29450,Tialakoun,536,55,10.26
29451,Tangama,526,41,7.79
29453,Bambaya,561,74,13.19
29454,Selly-Koro,675,102,15.11
29455,Yardo,577,77,13.34
29456,Ouladin,647,97,14.99
29459,Makona,656,96,14.63
29460,Milo,669,98,14.65
29461,Loffa,682,104,15.25
29462,Colline-Macenta,706,112,15.86
29463,Counsignaki,511,43,8.41
29464,Guirila,568,63,11.09
29465,Pic de Fon,768,133,17.32
29466,Pic de Tibe,596,82,13.76
29468,Mt. Kouya,653,97,14.85
29470,Mt. Konossou,630,84,13.33
29472,Mt. Yonon,734,127,17.30
29477,Gban,588,74,12.59
29478,Koni,517,46,8.90
29484,Diécké,781,134,17.16
29487,Mt. Tetini,636,87,13.68
29488,Laine,670,110,16.42
29496,Songan/Tamin,714,128,17.93
29497,Brassue,666,105,15.77
29498,Manzan,679,121,17.82
29499,Diambarakrou,704,126,17.90
29500,Beki Bosse Matie,703,122,17.35
29503,Mopri,720,130,18.06
29504,Go Bodienou,731,137,18.74
29505,Irobo,735,138,18.78
29506,Mabi/Yaya,725,131,18.07
29508,Hein,705,130,18.44
29509,Nguechie,707,133,18.81
29514,Besso,722,126,17.45
29515,Rasso,704,128,18.18
29516,Gorke,704,129,18.32
29520,Anguededou,712,137,19.24
29524,Mt. Ba,642,95,14.80
29525,Yalo,674,99,14.69
29526,Ira,697,105,15.06
29527,Semien Flansobly,674,97,14.39
29530,Seguie,720,128,17.78
29534,Abouderessou,682,109,15.98
29535,Bodio Doubele,694,116,16.71
29542,Mando,700,120,17.14
29545,Matiemba,665,84,12.63
29546,Kogha,585,49,8.38
29547,Silue,607,57,9.39
29549,Badikaha,602,54,8.97
29552,Mafa,934,146,15.63
29556,Laka,641,80,12.48
29560,Nyamgboue,584,60,10.27
29566,Suitoro,676,82,12.13
29567,Kinkene,687,79,11.50
29570,Krozalie,726,139,19.15
29572,Tiapleu,811,142,17.51
29580,Ahua,664,100,15.06
29581,Goudi,700,122,17.43
29583,Dogodou,680,134,19.71
29585,Bolo,650,127,19.54
29586,Leraba,563,48,8.53
29594,Davo,661,126,19.06
29596,Scio,744,138,18.55
29597,Goulaleu,690,133,19.28
29598,Duekoue,699,126,18.03
29600,Kobo,631,73,11.57
29605,Badonou,562,47,8.36
29613,Teonle,698,121,17.34
29614,Mt. Tia,697,108,15.49
29615,Bandama-Blanc,646,78,12.07
29617,Mt. Ko,617,73,11.83
29618,Mt. Manda,499,46,9.22
29619,Tienny,500,46,9.20
29620,Sananferedougou,499,45,9.02
29623,Kimbirila,511,50,9.78
29624,Dyengele,516,54,10.47
29628,Tieme,547,53,9.69
29629,Seguela,715,98,13.71
29631,Tene,733,117,15.96
29632,Sangoue,732,127,17.35
29634,Zuoke,718,122,16.99
29635,Niegre,692,134,19.36
29636,Haute Dodo,680,133,19.56
29637,Niouniourou,662,126,19.03
29638,Rapide Grah,675,132,19.56
29640,Monogaga,666,130,19.52
29644,Borotou,550,53,9.64
29806,Lagoa de Cufada,564,56,9.93
29968,Loma Mountains,719,107,14.88
29972,Kambui South,657,118,17.96
29973,Nimini South,736,116,15.76
29974,Dodo Hills,662,102,15.41
29980,Farangbaia,676,96,14.20
29981,Wara Wara Hills,569,62,10.90
29982,Malal Hills,648,94,14.51
29983,Bojeni Hills,650,114,17.54
29985,Singamba,641,100,15.60
29986,Lalay,642,119,18.54
29990,Gboi Hills,701,114,16.26
29999,Occra Hills,621,93,14.98
30017,Lac Fitri,362,54,14.92
31330,Bbaobolon,660,76,11.52
32995,Bellefoungou,561,49,8.73
32999,Dan,565,72,12.74
33005,La Lama-Sud,635,97,15.28
33007,Logozohé,559,60,10.73
33010,Pénessoulou,563,55,9.77
33018,Tchaourou,552,56,10.14
33019,Tchatchou Gokana,561,57,10.16
33020,Toui-Kilibo,565,57,10.09
33046,Rio Cacheu Mangroves,616,69,11.20
33048,Lagoas de Cufada,603,65,10.78
33049,Cantanhez Forest,614,69,11.24
33050,Dulombi,618,57,9.22
33145,Krokosua Hills FoR*,709,125,17.63
33149,Sapoba,614,138,22.48
33510,Bagata,510,49,9.61
35161,Kulpawn Tributaries,568,54,9.51
36026,Senkwehn,643,122,18.97
36164,West Tangaza,440,64,14.55
36165,Lema,486,74,15.23
36166,North Tangaza,416,64,15.38
36167,Karfe Binji,477,77,16.14
36168,Surami,471,72,15.29
36169,Manu,410,64,15.61
36170,Bauni,412,65,15.78
36171,Zauna,412,65,15.78
36172,Garu,406,64,15.76
36173,Keaun Suna,374,54,14.44
36174,Kaikaimako,395,57,14.43
36175,Goronyo,440,67,15.23
36176,Farfar,438,62,14.16
36177,Gundumi,462,64,13.85
36178,Gwadabawa,430,65,15.12
36179,Unguwa Lalle,391,56,14.32
36180,Tara,408,56,13.73
36181,Babban Rafi,418,58,13.88
36182,Isa Zurmi,428,57,13.32
36183,Zamfara,514,60,11.67
36184,Guidan Baure,434,57,13.13
36185,Djibia,432,57,13.19
36186,Mazanbiya,429,57,13.29
36187,Yangaiya,432,57,13.19
36188,Rafin Hill,429,57,13.29
36189,Dutsin Kuba,428,57,13.32
36190,Kadobi,426,57,13.38
36191,Madatai,426,57,13.38
36193,Kabobi,407,55,13.51
36194,Dan Kabba,406,55,13.55
36195,Garu Gingna,409,55,13.45
36196,Dawan Allah,413,55,13.32
36197,Duisin Bamli,411,56,13.63
36198,Dono,405,56,13.83
36199,Dan Babba,404,56,13.86
36200,Daura,405,53,13.09
36201,Badauri,402,53,13.18
36202,Bazairam,401,55,13.72
36203,Matsena,399,53,13.28
36204,Gumsi,412,61,14.81
36205,Kilboa,415,66,15.90
36206,Ngamzagi,441,66,14.97
36207,Damasak,463,82,17.71
36208,Garunda,481,82,17.05
36209,Garere,469,81,17.27
36210,Yo,457,84,18.38
36211,Kalurwa,469,75,15.99
36212,Kukawa,469,75,15.99
36213,Yede,483,75,15.53
36214,Zaga,490,75,15.31
36215,Moma,489,70,14.31
36216,Wamiri,481,77,16.01
36217,Mawulli,493,72,14.60
36218,Gadadri,531,87,16.38
36219,Ngala,499,78,15.63
36220,Meleri,529,87,16.45
36221,Mudu,536,87,16.23
36222,Kwoiba,533,83,15.57
36223,Madagine,501,71,14.17
36224,Baga,465,75,16.13
36225,Dajina,474,78,16.46
36226,Burgo,461,67,14.53
36227,Kusur,473,68,14.38
36228,Dabira,478,73,15.27
36229,Gubio,474,71,14.98
36230,Gazabure,465,71,15.27
36231,Gajiram,493,76,15.42
36232,Kenjimiram,490,74,15.10
36233,Bida (Bornu State),522,86,16.48
36234,Damakuli,519,85,16.38
36235,Guji-Ganna,492,71,14.43
36236,Karnowa,488,67,13.73
36237,Geltur,529,81,15.31
36238,Wuda Taye,536,85,15.86
36239,Azaya,534,83,15.54
36240,Yamdugu,466,71,15.24
36241,Gwaiyo,479,72,15.03
36242,Rinukunu,440,65,14.77
36243,Dapchi,468,68,14.53
36244,Finukunu,464,67,14.44
36245,Kalalawa,542,82,15.13
36246,Jajere,481,58,12.06
36247,Komadugu Gana,474,57,12.03
36248,Jimbum,474,66,13.92
36249,Shegali,486,66,13.58
36250,Dan Kulili,433,64,14.78
36251,Dam Makama,432,64,14.81
36252,Uku Da Sisi,460,65,14.13
36253,Albasu,455,66,14.51
36254,Mafuta,456,66,14.47
36255,Mele,449,66,14.70
36256,Tarana,449,66,14.70
36257,Katika,446,66,14.80
36258,Girari,433,63,14.55
36259,Turbustrajiri,446,66,14.80
36260,Maifari,451,65,14.41
36261,Yarda Kangiwa,454,66,14.54
36262,Kazura,441,65,14.74
36263,Azarunikwia,438,64,14.61
36264,Kukangiwa,438,64,14.61
36265,Barburam,404,53,13.12
36266,Mungurum,432,64,14.81
36267,Gabas Mari,431,63,14.62
36268,Adiani,442,65,14.71
36269,Birniwa Railway,452,67,14.82
36270,Gadari,458,68,14.85
36271,Gogiya,468,70,14.96
36272,Bulangu,488,64,13.11
36273,Shekato,488,67,13.73
36274,Hardaali,483,66,13.66
36275,Hadejia Plantation,479,69,14.41
36276,Sheya,469,67,14.29
36277,Dumbari Futu,464,65,14.01
36278,Hadin,478,65,13.60
36279,Ungua Jiburu,465,62,13.33
36280,Kaugama Motso,465,64,13.76
36281,Naanabi,467,62,13.28
36282,Gugunguma,463,61,13.17
36283,Matsago,464,61,13.15
36284,Maiwado,467,61,13.06
36285,Falomi,466,65,13.95
36286,Maigazari,455,66,14.51
36287,Sakwa,486,64,13.17
36288,Barawa,436,57,13.07
36289,Katsina,428,56,13.08
36290,Tsanni,445,57,12.81
36291,Damangu,428,56,13.08
36292,Kandawa,449,54,12.03
36293,Radda,459,52,11.33
36294,Busta,462,53,11.47
36295,Karaduwa,464,53,11.42
36296,Fahu,478,54,11.30
36297,Yashi,486,61,12.55
36298,Mawashi,468,62,13.25
36299,Radoho,468,62,13.25
36300,Matanfada,468,62,13.25
36301,Dutsin Kwaita,463,63,13.61
36302,Dutsin Kodawa,463,63,13.61
36303,Gasartani,461,63,13.67
36304,Korama Kurumi,464,66,14.22
36305,Roni East,455,64,14.07
36306,Fefeku,458,63,13.76
36307,Werdawa,456,64,14.04
36308,Roni North,455,64,14.07
36309,Gwiwa Korel,445,64,14.38
36310,Rade,410,53,12.93
36311,Kaya,409,53,12.96
36312,Sandami,403,53,13.15
36313,Kaibaki North,436,64,14.68
36314,Kaibaki South,439,64,14.58
36315,Rogogo,413,53,12.83
36316,Gwirta,440,64,14.55
36317,Maribara,412,53,12.86
36318,Dan Gagi,439,64,14.58
36319,Muni,413,53,12.83
36320,Jabi Rawa,458,66,14.41
36321,Bakanbawa,463,64,13.82
36322,Dankaiwa,466,58,12.45
36323,Maradun,466,61,13.09
36324,Illela,484,58,11.98
36325,Kanoma Gabiya,498,58,11.65
36326,East Anka,534,62,11.61
36327,Kurmayai,440,57,12.95
36328,Yan Tumaki,490,54,11.02
36329,Tudun Mani,490,51,10.41
36330,Ruma,518,59,11.39
36331,Kukar Jangara,473,52,10.99
36332,Shimfida,446,56,12.56
36333,Rakuma,508,70,13.78
36334,Mohono,496,66,13.31
36335,Gijia,492,70,14.23
36336,Belare,499,69,13.83
36337,Sainyinan,498,69,13.86
36338,Dogwandaji,511,65,12.72
36339,Mallamji,512,67,13.09
36340,Dabaga,498,71,14.26
36341,Sangiwa,502,72,14.34
36342,Bakura Tureta,511,71,13.89
36343,Kawara,511,67,13.11
36344,Damri,505,66,13.07
36345,Gulbin Ka,532,61,11.47
36346,Wasaini,490,71,14.49
36347,Bagga,496,69,13.91
36348,Gayi,511,69,13.50
36349,Dende,539,73,13.54
36350,Kwari Kwasa,518,61,11.78
36351,Giru,518,61,11.78
36352,Illoka'oje,563,63,11.19
36353,Zuguskwak,520,61,11.73
36354,Dabamsame,545,59,10.83
36356,Wasagu Sakaba,563,65,11.55
36357,West Anka,529,60,11.34
36358,Dutsin Dorowa,490,50,10.20
36359,Ikom,621,145,23.35
36360,Gura,498,49,9.84
36361,Bokori,513,54,10.53
36364,Kwankiro,501,52,10.38
36365,Marbe,526,62,11.79
36366,Tudun Iyo,520,54,10.38
36367,Guga,546,55,10.07
36368,Kakangi,553,55,9.95
36369,Fatika,551,54,9.80
36370,Giwa (North),538,53,9.85
36371,Idasu,540,54,10.00
36372,Duya,523,53,10.13
36373,Rafin Iwa,519,53,10.21
36374,Birnin Gwari,567,60,10.58
36375,Dogan Dawa,542,56,10.33
36376,Maru Bongudu,531,61,11.49
36378,Kogo,546,58,10.62
36380,Dayi,488,52,10.66
36381,Dayigora,491,52,10.59
36382,Gangara,492,55,11.18
36383,Yammama,502,53,10.56
36384,Tsaunin Kaura,508,53,10.43
36385,Tuwaru,498,51,10.24
36386,Jare,515,53,10.29
36387,Dansosia,516,54,10.47
36388,Tandama,519,54,10.40
36389,Kogin Kano,589,55,9.34
36390,Maje (West),539,55,10.20
36391,Kabama,553,55,9.95
36392,Zaria,553,54,9.76
36393,Nasarawa,429,57,13.29
36394,Kurmin Kogi,562,58,10.32
36395,Gauara,557,54,9.69
36396,Kariya,548,55,10.04
36397,Bugau North,558,54,9.68
36398,Maje (East),517,55,10.64
36399,Rurum,533,55,10.32
36400,Burra North,616,69,11.20
36401,Anchau West,573,54,9.42
36402,Kyarana,503,54,10.74
36403,Gaya,576,57,9.90
36405,Iggi River,593,62,10.46
36406,Gadau,513,66,12.87
36407,Lizai,501,63,12.57
36408,Madara,504,63,12.50
36410,Dargazu,592,62,10.47
36411,Dungunde,514,64,12.45
36412,Chinade,503,55,10.93
36413,Jawo,517,63,12.19
36415,Dalli,589,61,10.36
36416,Zigau,524,62,11.83
36418,Bayawa,609,68,11.17
36419,Maladumba,512,52,10.16
36420,Farin Ruwa,536,51,9.51
36421,Rabadi,523,51,9.75
36423,Zandama Hills,541,61,11.28
36424,Gagara,547,60,10.97
36425,Gurmina,531,56,10.55
36426,Jerwa,489,64,13.09
36427,Bam Ngelzarma,504,63,12.50
36428,Dusuwa,475,58,12.21
36429,Gundulwa,537,80,14.90
36430,Wagur,512,61,11.91
36431,Gujba,524,61,11.64
36432,Jangasiri,493,56,11.36
36433,Gudi Hill,505,56,11.09
36434,Malechana,501,55,10.98
36435,Auya,534,57,10.67
36436,Bagau,506,53,10.47
36437,Nafada,510,53,10.39
36438,Dadingel,539,78,14.47
36439,Ajigin,545,77,14.13
36440,Benisheikh,537,82,15.27
36441,Marguba,554,80,14.44
36442,Auno,533,83,15.57
36443,Kesewa,533,83,15.57
36444,Jaori,538,84,15.61
36445,Yasku,552,84,15.22
36446,Femari,529,82,15.50
36447,Limanti,538,85,15.80
36448,Fuchi,545,85,15.60
36449,Molai,539,83,15.40
36450,Lake Alo,548,84,15.33
36451,Konduga,544,84,15.44
36452,Gombole,554,84,15.16
36453,Komala,549,80,14.57
36454,Yerwa,552,81,14.67
36455,Sambisa,551,83,15.06
36456,Damboa,554,77,13.90
36457,Mafa,535,84,15.70
36458,Bashari,540,84,15.56
36459,Jenere,543,85,15.65
36460,Mawarta,551,85,15.43
36461,Imbibnina,503,51,10.14
36462,Lemsikari,506,51,10.08
36463,Marama Hill,512,52,10.16
36464,Lokwoja,506,51,10.08
36465,Gardemna,511,51,9.98
36466,Kogin Zur,506,50,9.88
36467,Ngohingulde,511,51,9.98
36468,Birniwa,510,52,10.20
36469,Zangula River,504,51,10.12
36470,Kinging,503,51,10.14
36471,Maki,507,51,10.06
36472,Yautare,536,52,9.70
36473,Dukku,524,51,9.73
36474,Kirfi Hill,553,50,9.04
36475,Bara,536,49,9.14
36476,Ako,535,49,9.16
36477,Gombe,523,48,9.18
36478,Dandadu,530,49,9.25
36479,Tukulma,535,50,9.35
36480,Lembi,533,49,9.19
36481,Dutsen Amina,530,46,8.68
36482,Jauro Tukur,530,47,8.87
36483,Garko,522,45,8.62
36484,Alin Magani,530,47,8.87
36485,Garko Meri,521,46,8.83
36486,Wuro Biriji,520,47,9.04
36487,Wuro Bamusa,519,47,9.06
36488,Kalsingi Hills,520,48,9.23
36489,Shebangel Hills,521,49,9.40
36490,Liji Hills,523,49,9.37
36491,Kafarati,524,49,9.35
36492,Jankai,524,49,9.35
36493,Gadam,522,49,9.39
36494,Wawa,529,50,9.45
36495,Tongo,511,48,9.39
36496,Bodor Hill,515,49,9.51
36497,Abba Isari,509,49,9.63
36498,Bage,506,50,9.88
36499,Buratai,502,51,10.16
36500,Meringa North West,503,50,9.94
36501,Divana,509,50,9.82
36502,Kwaya Tera,507,50,9.86
36503,Wuyo Gube,516,51,9.88
36504,Yamaltu,522,49,9.39
36505,Kanawa,518,48,9.27
36506,Jagali,524,49,9.35
36507,Gasi,521,49,9.40
36508,Burashika,517,47,9.09
36509,Walama,516,49,9.50
36511,Kumo,531,46,8.66
36512,Lame,602,60,9.97
36513,Jauro River,610,60,9.84
36514,Panshanu,631,66,10.46
36515,Radwan,614,63,10.26
36517,Waji,602,56,9.30
36518,Nabardo,589,52,8.83
36519,Tatu,601,61,10.15
36520,Zaranda Hill,590,59,10.00
36521,Galambi,579,52,8.98
36522,Buli Hill,564,50,8.87
36523,Kir Hill,565,51,9.03
36524,Tala Hill,563,51,9.06
36525,Dutsen Bello,560,52,9.29
36526,Fadaman Mada,557,51,9.16
36527,Dutsin Gora,562,51,9.07
36528,Ran,562,51,9.07
36529,Sumu,580,58,10.00
36530,Bunga Hill,558,55,9.86
36531,Zala,558,50,8.96
36532,Zalanga,549,49,8.93
36533,Kuna Hill,543,48,8.84
36534,Yankari,608,60,9.87
36535,Burra West,566,52,9.19
36536,Galma,595,56,9.41
36537,Ribako,581,54,9.29
36538,Anara,593,61,10.29
36539,Kwogin Kerami,582,54,9.28
36540,Kurmin Male,580,54,9.31
36541,Limoro,621,65,10.47
36542,Jere,626,67,10.70
36544,Radung,623,67,10.75
36545,Guram River,634,68,10.73
36546,Rafin Bawa,606,60,9.90
36547,Rukuba(Amo),604,58,9.60
36548,Kurmin Bakin Kogin,595,58,9.75
36551,Mai-Ido,596,64,10.74
36552,Libere,584,55,9.42
36553,Kona,579,55,9.50
36555,Kwongoma,570,54,9.47
36556,Alawa,586,60,10.24
36557,Mando,574,59,10.28
36558,Rikau,570,56,9.82
36559,Labar,570,56,9.82
36560,Mando Road North,580,60,10.34
36561,Mando Road South,585,60,10.26
36562,Afaka,593,60,10.12
36563,Rigachikun,586,59,10.07
36564,Kagurna,599,61,10.18
36565,Kakau,591,60,10.15
36566,Katerma,583,58,9.95
36567,Datsinudara,590,60,10.17
36568,Kontagora,589,61,10.36
36569,Raganda,596,60,10.07
36570,Zugurma,614,62,10.10
36571,Yelwa Fuel,571,60,10.51
36572,Puissa,585,63,10.77
36573,Borgu,625,67,10.72
36574,Doro,627,70,11.16
36575,Gwanara,563,60,10.66
36576,Teshi,571,59,10.33
36577,Vobera,581,60,10.33
36578,Okuta,546,58,10.62
36579,River Moshi,602,66,10.96
36581,Iwa River,586,63,10.75
36582,Woabi,582,58,9.97
36583,Dagidda,597,62,10.39
36584,Ribuku,592,61,10.30
36585,Gubagi,573,57,9.95
36586,Akerre,589,61,10.36
36587,Kwakwa,576,59,10.24
36588,Dasun,590,62,10.51
36589,Kuduge,587,59,10.05
36590,Kudu,575,60,10.43
36591,Duma,578,60,10.38
36592,Kutigi,580,60,10.34
36593,Kpeyafo,580,60,10.34
36594,Ikpeye,584,60,10.27
36595,Kusoziko,575,61,10.61
36596,Tyabo Rokota,573,61,10.65
36597,Zanchita,580,62,10.69
36598,Bida (Niger State),580,62,10.69
36599,Dupa,579,63,10.88
36600,Kuchigi,576,63,10.94
36601,Shakwadina,509,58,11.39
36602,Doka,583,60,10.29
36603,Wushishi,525,57,10.86
36604,Beji,591,62,10.49
36605,Minna,592,62,10.47
36606,Bosso Dam,594,63,10.61
36607,Gurusu,696,85,12.21
36608,Rafin Doboyi,511,63,12.33
36609,Gwana,597,63,10.55
36610,Fuka,595,64,10.76
36611,Guduma,596,65,10.91
36612,Zubakpere,574,59,10.28
36613,Gumu,524,62,11.83
36614,Gbagba,594,61,10.27
36615,Kafnikoro,703,85,12.09
36616,Feri,509,53,10.41
36617,Giwa (South),628,72,11.46
36618,Wawagi,592,62,10.47
36620,Anfani,594,63,10.61
36621,Bonu,618,70,11.33
36623,Kamarimi,612,69,11.27
36624,Kabo,553,55,9.95
36625,Shaba,614,69,11.24
36626,Prison Fuel,586,61,10.41
36627,Marafa,584,61,10.45
36628,Musa,576,60,10.42
36629,Agaie Gate,577,62,10.75
36630,Nami Hill,587,63,10.73
36631,Cece,590,63,10.68
36632,Etizurugi,589,64,10.87
36633,Danganagi,589,64,10.87
36634,Tufa,618,68,11.00
36635,Maje Abuchi,619,69,11.15
36636,Madalla,615,69,11.22
36637,Zuma Hill,617,69,11.18
36638,Gwagwa,609,69,11.33
36639,Idu,606,69,11.39
36640,Karmo,606,69,11.39
36641,Kukwaba,608,69,11.35
36642,Karonmajigi,607,69,11.37
36643,Gerki,608,69,11.35
36644,Akwana East,640,73,11.41
36645,Akwana West,628,71,11.31
36646,Kagorko,622,70,11.25
36647,Bajiye,635,72,11.34
36648,Kabacha,627,73,11.64
36649,Chikwei,612,69,11.27
36650,Kusoru,612,69,11.27
36651,Chihurma,613,69,11.26
36652,Gitata,606,69,11.39
36653,Jaja,620,72,11.61
36654,Anji,617,72,11.67
36655,Mada River South,611,71,11.62
36656,Mada River North,622,73,11.74
36657,Kogum River,622,74,11.90
36658,Sanga River,657,81,12.33
36659,Danguwa,633,77,12.16
36660,Nungu,636,77,12.11
36661,Amere,647,80,12.36
36662,Gerti Kloof,646,80,12.38
36663,Ninjam,652,80,12.27
36664,Kafanchan,645,75,11.63
36665,Dawaki,642,75,11.68
36666,Rahama,621,65,10.47
36667,Wafin,610,61,10.00
36668,Nimbia,649,77,11.86
36669,Gimi River,655,80,12.21
36670,Assob Bachit,663,81,12.22
36671,N.W. Escarpment,653,78,11.94
36672,Kurra Jekko,653,78,11.94
36673,Abak River,654,81,12.39
36674,Ayu Hills,654,80,12.23
36675,Richa,625,70,11.20
36676,Maharai,630,73,11.59
36677,Ningishi Hills,639,80,12.52
36678,Nunku,625,74,11.84
36679,Kirmin Nunkuchu,618,73,11.81
36680,Kirmin Agyaga,612,72,11.76
36681,Sherigia,607,68,11.20
36682,Kafa Kurmi,600,68,11.33
36683,Langai,601,56,9.32
36684,Gindiri,602,56,9.30
36685,Mongu,602,58,9.63
36686,Gerkawa Hill,586,63,10.75
36687,Lantang,575,59,10.26
36688,Central Wase,582,60,10.31
36689,Pai River,577,57,9.88
36690,Zok,580,58,10.00
36691,Zurak,569,55,9.67
36692,Biliri Hills,539,49,9.09
36693,Kaltungo,533,48,9.01
36694,Kaltungo Hill,547,57,10.42
36695,Lafia (Gongola State),553,59,10.67
36696,Lamurde,553,58,10.49
36697,Numan,552,57,10.33
36698,Kokomto,555,57,10.27
36699,Demsa,549,57,10.38
36700,Namtari,559,57,10.20
36701,Lainde,560,57,10.18
36702,Sebore,559,57,10.20
36703,Gurin,574,59,10.28
36704,Bagele Hill,561,58,10.34
36705,Girei,557,58,10.41
36706,Karlahi,570,57,10.00
36707,Nasarawa (Northern Kaduna),549,55,10.02
36710,Kambari,564,56,9.93
36711,Bakin Dutse,539,52,9.65
36712,Wuro Mallum,539,55,10.20
36713,Jalingo,538,55,10.22
36714,Zing,547,57,10.42
36715,Monkin,546,57,10.44
36716,Garba Shege,524,52,9.92
36717,Dakka,520,50,9.62
36718,Gangoro,527,52,9.87
36719,Mai Hula,510,53,10.39
36720,Wurkam River,518,55,10.62
36721,Dep River,608,69,11.35
36722,Kande River,585,63,10.77
36723,Kurmi Akura,568,61,10.74
36724,Kurmi Kurayi,565,61,10.80
36725,Kurmi Agori,565,61,10.80
36726,Central Shendam,576,63,10.94
36727,Ibi,560,61,10.89
36728,Kasa Kogi,548,60,10.95
36729,Agbun,533,59,11.07
36730,Bantaji,531,57,10.73
36731,Dutsen Kurafe,588,66,11.22
36732,Keffi,594,67,11.28
36733,Tukan,607,70,11.53
36734,Kurmi Tagwaye North,596,65,10.91
36735,Wamba,604,68,11.26
36736,Ambakar,611,69,11.29
36737,Kurmi Tagwaye South,596,65,10.91
36738,Utugu and Karama,600,67,11.17
36739,Kurmi Maiakuya,584,64,10.96
36740,Lafia (Plateau State),582,68,11.68
36741,Kurmi Agudu,583,68,11.66
36742,Kurmi Agyaragu,570,67,11.75
36743,Akanga,570,69,12.11
36744,Obi,568,68,11.97
36745,Kurmi Maisamari,558,62,11.11
36746,Doma,604,78,12.91
36747,Kurmi Akeno,564,69,12.23
36748,Kurmi Adebi,573,76,13.26
36749,Kurmi Akanga,565,73,12.92
36750,Edotsu,567,60,10.58
36751,Gubaji,571,62,10.86
36752,Aburifa,577,63,10.92
36753,Tukoki,601,67,11.15
36754,Babbankurmi,602,67,11.13
36755,Galadima,606,68,11.22
36756,Soge,576,64,11.11
36757,Kpashimi,594,66,11.11
36758,Odu,600,66,11.00
36759,Kampe River,581,63,10.84
36760,Karoka,572,62,10.84
36761,Ebba,578,62,10.73
36762,Nugboji,579,64,11.05
36763,Buga Hill,576,64,11.11
36764,Kakanda Hills,591,67,11.34
36765,Kurumi Zano,561,65,11.59
36766,Olle,589,69,11.71
36767,Oinye,592,71,11.99
36768,Bunu,606,72,11.88
36769,Agbaja,590,71,12.03
36770,Adaki,575,68,11.83
36771,Swamp,606,76,12.54
36772,Gabo Escarpment,584,72,12.33
36773,Alagbede,571,61,10.68
36774,Ejidogardi,570,60,10.53
36775,Share,573,64,11.17
36776,Lafiagi,573,62,10.82
36777,Kuzosiko,573,62,10.82
36778,Efan,574,62,10.80
36779,Edoko Hills,576,63,10.94
36780,Sobi,560,61,10.89
36782,Pategi,572,62,10.84
36783,Esie,553,61,11.03
36784,Isanlu,562,63,11.21
36785,Osi,571,63,11.03
36786,Odun,557,65,11.67
36787,Olomu,557,63,11.31
36788,Ila (Nigeria),628,92,14.65
36789,Ipetu,559,65,11.63
36790,Ishan Aiyede,565,65,11.50
36791,Ogbe,560,63,11.25
36792,Laigbede,576,67,11.63
36793,Ilesha,545,57,10.46
36795,Wara,554,61,11.01
36796,Old Ogbomosho,577,72,12.48
36797,Olla Hill,590,78,13.22
36798,Old Ogbomosho Water Works,580,71,12.24
36799,Oloyan,600,79,13.17
36800,Meko,649,92,14.18
36801,Igangan,639,93,14.55
36802,Iseyin Central,598,79,13.21
36803,Iseyin West,597,78,13.07
36804,Odo Ogun,606,80,13.20
36805,Ejigbo,600,83,13.83
36806,Lanlate,632,91,14.40
36807,Ijaiye,653,99,15.16
36808,Oba Hills,622,88,14.15
36809,Eruwa,635,99,15.59
36810,Otuma,628,93,14.81
36811,Olokemeji,671,108,16.10
36812,Osho,662,105,15.86
36813,Ibadan,663,112,16.89
36814,Eleiyele,663,109,16.44
36815,Ede,615,92,14.96
36816,Arakanga,673,113,16.79
36817,Gambari,695,124,17.84
36818,Ago-Owu,695,129,18.56
36819,Ife,687,129,18.78
36820,Omo,718,146,20.33
36822,Oshogbo,626,96,15.34
36823,Ara,615,96,15.61
36824,Eda 2,533,67,12.57
36826,Ise,552,81,14.67
36827,Ogbesse,547,77,14.08
36828,Ikerre,571,88,15.41
36829,Ogotun North,568,86,15.14
36830,Ogotun West,574,88,15.33
36831,Ogotun South,580,91,15.69
36832,Ikeji,625,109,17.44
36833,Oni,630,108,17.14
36834,Akure,613,108,17.62
36835,Little Osse,543,75,13.81
36836,Eporo,542,81,14.94
36837,Oyinno,543,81,14.92
36838,Ipeli-Idoani,561,90,16.04
36840,Owo,582,111,19.07
36841,Ala,583,110,18.87
36842,Akure-Ofosu,625,128,20.48
36843,Egbe,539,72,13.36
36844,Chokochoko,596,74,12.42
36845,Adankolo,592,72,12.16
36846,Osara,597,77,12.90
36847,Ajaokuta,586,80,13.65
36848,Otete,569,78,13.71
36849,Okene waterworks,566,79,13.96
36850,Okene catchment area,574,80,13.94
36851,Gbedege,597,75,12.56
36852,Mozum,596,78,13.09
36853,Akpatakum,586,79,13.48
36854,Dekina,572,72,12.59
36855,Opandha,565,68,12.04
36856,Okura Iyale,595,82,13.78
36857,West Okura,583,77,13.21
36858,Acharane,581,78,13.43
36859,Alla,594,89,14.98
36860,Adoru,627,106,16.91
36862,Ibaji-Ojok,630,110,17.46
36863,Okura River,591,83,14.04
36864,Ukpilla,580,91,15.69
36865,Auchi,580,97,16.72
36866,South Ibie,579,96,16.58
36867,Orle River,620,109,17.58
36868,Ojofu,579,78,13.47
36869,Bagaji,550,66,12.00
36870,Ukpam,551,69,12.52
36871,Makurdi Fuel,556,71,12.77
36872,Akobiwho,562,75,13.35
36873,Shamyogti,546,66,12.09
36874,Mbakpa,542,70,12.92
36875,Ikwe,538,69,12.83
36876,Mbanue,540,70,12.96
36877,Wannune,546,69,12.64
36878,Odoba,546,66,12.09
36879,Okpobi,531,60,11.30
36880,Oglewu,527,59,11.20
36881,Oturkpo,524,59,11.26
36882,Mbaav 1,522,61,11.69
36883,Mbaav 2,520,60,11.54
36884,Mbatan,558,80,14.34
36885,Gboko,544,75,13.79
36886,Anwo,565,78,13.81
36887,Shangey Tiev,519,62,11.95
36888,Mbaava,519,62,11.95
36889,Ugondo,523,63,12.05
36890,Mbatiav,524,60,11.45
36891,Sonkpa,532,62,11.65
36892,Kakiwargi,522,61,11.69
36893,Suntai,516,61,11.82
36894,Yandev,519,64,12.33
36895,Mkar,519,66,12.72
36896,Katsina-Ala,511,67,13.11
36897,Mbamsjrom,525,72,13.71
36898,Takum,542,75,13.84
36899,Baissa,575,88,15.30
36900,Bissaula,584,86,14.73
36901,Gangume,524,57,10.88
36902,River Amboi,582,83,14.26
36903,Mai Samari,590,81,13.73
36904,Ngel - Nyaki,596,83,13.93
36907,Kurmin Danki,589,84,14.26
36908,River Nwum,585,81,13.85
36909,Kakara,582,80,13.75
36910,Nguroje,593,82,13.83
36911,Mayo Ndaga,590,80,13.56
36912,Gembu,582,80,13.75
36913,Dorofi,572,75,13.11
36914,Ihugh,524,65,12.40
36915,Mbaafon,532,70,13.16
36916,Mbakoso,539,78,14.47
36917,Mbahura,549,80,14.57
36919,Afi River,675,143,21.19
36921,Agala,561,99,17.65
36922,Effium,556,96,17.27
36923,Ishieki,551,101,18.33
36924,Unuhu Agbaja,552,101,18.30
36925,Ikrigon,549,108,19.67
36926,Yache,544,73,13.42
36927,Gabu,531,67,12.62
36928,Ivi-Ada-Obi,612,114,18.63
36929,Aviele,598,110,18.39
36930,Irrua-Unea,584,112,19.18
36931,Irrua Uromi,584,111,19.01
36933,Ugboha,595,112,18.82
36934,Anambra,615,119,19.35
36935,Akwari Ani,559,91,16.28
36936,Ojogba-Ugun,577,123,21.32
36937,Ujrohi-Ojogba,575,125,21.74
36939,Ogwa,578,124,21.45
36940,Udo,583,118,20.24
36941,Ubiaja,587,119,20.27
36942,Okhuessan,586,118,20.14
36943,Ologholo-Emu-Urho,610,120,19.67
36944,Inyelen,582,116,19.93
36945,Akpugo,587,107,18.23
36946,Ohaodo-Mbanasa,614,118,19.22
36947,Ebue,588,131,22.28
36948,Ewohimi,584,122,20.89
36949,Akumazi,682,161,23.61
36950,Ogiopa,584,118,20.21
36951,Niocha,594,128,21.55
36952,Oroma Anam,599,125,20.87
36953,Achalla,588,125,21.26
36954,Nkachu-Ituku,587,126,21.47
36955,Isiamaigbo,590,122,20.68
36956,Umude Ugbenu,589,122,20.71
36957,Aguobu Owa,588,120,20.41
36958,Usonigbe,610,135,22.13
36959,Ute-Ukpu,672,162,24.11
36960,Nsukwai,670,160,23.88
36961,Ogwashi-Uku,679,163,24.01
36962,Akpaka,681,166,24.38
36963,Nkisi River,672,161,23.96
36964,Aguara,589,128,21.73
36965,Mamu River,595,128,21.51
36966,Oji River,583,126,21.61
36967,Umuabi,587,126,21.47
36968,Irite Amoli,585,126,21.54
36969,Awlaw-Isikwe,587,128,21.81
36971,Oluwa,685,147,21.46
36972,Eba Island,617,134,21.72
36973,Ejigbobini,609,136,22.33
36974,Irele,617,132,21.39
36975,Otu,630,134,21.27
36976,Onishere,641,133,20.75
36977,Idanre,646,133,20.59
36978,Ohosu,647,135,20.87
36979,Okomu,640,144,22.50
36980,Iguobazuwa,627,136,21.69
36981,Ora-Iuleha-Ozalla,569,109,19.16
36982,Owan,574,111,19.34
36983,Okeluse,592,125,21.11
36984,Ekiadolor,601,133,22.13
36986,Obaretin,581,131,22.55
36987,Ologbo,589,133,22.58
36988,Ekenwan,607,135,22.24
36989,Gilli-Gilli,608,139,22.86
36990,Ilaro,658,107,16.26
36991,Ogun River,708,146,20.62
36992,Ijebu-Ode,667,135,20.24
36993,Oshun,659,135,20.49
36994,Olague,679,165,24.30
36995,Uremure Yokri,668,162,24.25
36996,Ukpe-Sobo,606,134,22.11
36997,Isheagu,666,162,24.32
36998,Osomari,695,175,25.18
36999,Ohaji,638,155,24.29
37000,Egbedi Creek,665,167,25.11
37001,Taylor Creek,699,178,25.46
37002,Sambrero,694,179,25.79
37003,Otamiri River,689,175,25.40
37004,Otamiri,646,160,24.77
37005,Upper Imo River,655,164,25.04
37006,Umuahia Ibeku,652,157,24.08
37007,Umuokpara Umuowa Ogee,644,153,23.76
37009,Cross River North,676,156,23.08
37010,Cross River South,763,178,23.33
37012,Agoi,660,155,23.48
37013,Oban Group,796,190,23.87
37014,Ekinta River,711,175,24.61
37015,Obieze-Isu,630,147,23.33
37016,Uwet Odot,703,179,25.46
37017,Umon Ndealichi,667,163,24.44
37018,Lower Enyong,630,152,24.13
37019,Ogu Itu,609,139,22.82
37020,Obot-Ndom,609,138,22.66
37021,Achara Ihe,627,142,22.65
37022,Ubibia,607,135,22.24
37023,Kalunta,610,136,22.30
37024,Ukpom-Bende,608,134,22.04
37025,Eme River,605,131,21.65
37026,Akanto,568,122,21.48
37027,Stubbs Creek,670,162,24.18
37028,Lower Imo River,653,167,25.57
37029,Nun River,663,167,25.19
37030,Upper Orashi River,631,155,24.56
37031,Lower Orashi River,676,176,26.04
37032,Edumanom,666,172,25.83
37033,Obeaku,653,166,25.42
37034,Apoi Creek,655,163,24.89
37035,Ikebiri Creek,642,155,24.14
37036,Ohumbe,609,90,14.78
37037,Eggua,620,95,15.32
37038,Odugebe,620,90,14.52
37039,Aworo,614,90,14.66
37119,Agbonou-Nord,613,71,11.58
37121,Agou,690,95,13.77
37122,Amakpavé,658,93,14.13
37123,Amou-Mono,638,82,12.85
37124,Anié,601,61,10.15
37125,Aou-Mono,584,57,9.76
37126,Asrama,642,87,13.55
37128,Assime-Adeta,717,96,13.39
37129,Assoukoko,687,79,11.50
37130,Atakpamé,619,74,11.95
37131,Atilakoutse,705,97,13.76
37132,Baoule,872,124,14.22
37133,Barkoissi,593,57,9.61
37134,Bas-Ogou,604,66,10.93
37136,Bassari-Montagne,584,58,9.93
37137,Beh'Ho,584,55,9.42
37144,Djemegni,642,86,13.40
37146,Dumbua,578,55,9.52
37147,Eto,685,101,14.74
37148,Game,662,93,14.05
37149,Haho-Baloe,630,89,14.13
37151,Kabou-Montagne,594,57,9.60
37152,Kémini,606,66,10.89
37153,Kindja,579,56,9.67
37154,Kpime,724,102,14.09
37155,Lili,668,96,14.37
37156,Koularo,582,55,9.45
37159,Missahoé,728,102,14.01
37160,Monda,583,55,9.43
37164,Natiwah,581,56,9.64
37169,Ouatchidome,616,88,14.29
37170,Sadji,601,61,10.15
37172,Siou,573,54,9.42
37173,Siriabe,572,54,9.44
37176,Sotouboa,597,60,10.05
37179,Tchilla-Monota,641,85,13.26
37180,Tchorogo,614,67,10.91
37181,Tetetou-Nord,633,84,13.27
37182,Tetetou-Sud,631,84,13.31
39873,Taylor Creek,699,178,25.46
40672,Afia Shelterbelt,711,135,18.99
40673,Apamprama,695,130,18.71
40674,Bosumtwi Range,713,133,18.65
40675,Chiremoasi,701,134,19.12
40676,Dampia Range,719,137,19.05
40677,Denyau Shelterbelt,686,133,19.39
40678,Fum Headwaters,788,144,18.27
40679,Jeni River,701,127,18.12
40680,Kokotintin Shelterbelt,706,135,19.12
40682,Nkrabia,711,135,18.99
40683,Numia,717,137,19.11
40684,Nyamibe Bepo,714,137,19.19
40685,Oda River,695,132,18.99
40686,Onuem Nyamibe Shelterbelt,713,136,19.07
40687,Onuem Bepo,714,135,18.91
40688,Pompo Headwaters,701,135,19.26
40689,Subin Shelterbelt,686,133,19.39
40690,Supuma Shelterbelt,693,134,19.34
40691,Ajuesu,683,130,19.03
40698,Assin Apimanim,681,131,19.24
40699,Assin Attandaso,730,141,19.32
40700,Baku,681,130,19.09
40730,Bimpong,719,137,19.05
40731,Brimso,658,125,19.00
40734,Krochua,725,140,19.31
40735,Ochi Headwaters Blk I,699,136,19.46
40737,Opimbo,691,119,17.22
40739,Pra Suhyien Blk II,720,142,19.72
40740,Supong,685,131,19.12
40741,Wawahi,691,132,19.10
40747,Amama Shelterbelt,647,96,14.84
40748,Aparabi Shelterbelt,646,100,15.48
40749,Asukese,668,100,14.97
40752,Bia Tano,689,110,15.97
40753,Bonkoni,682,111,16.28
40754,Bonsam Bepo,696,122,17.53
40755,Bosomkese,663,104,15.69
40756,Desiri,692,117,16.91
40757,Goa,659,108,16.39
40758,Mpameso,665,101,15.19
40759,Pamu Berekum,662,90,13.60
40760,Subin,691,114,16.50
40762,Jimira,697,125,17.93
40764,Tano Ofin,744,131,17.61
40765,Tinte Bepo,691,115,16.64
40766,Aboma,644,99,15.37
40767,Abrimasu,626,87,13.90
40768,Afram Headwaters,909,157,17.27
40769,Afrensu Bohuma,673,100,14.86
40770,Asubima,672,97,14.43
40771,Asufu Shelterbelt East,652,101,15.49
40772,Asufu Shelterbelt West,669,104,15.55
40773,Awura,652,97,14.88
40774,Chirimfa,651,100,15.36
40775,Gianima,666,103,15.47
40776,Kwamisa,687,112,16.30
40777,Mankrang,639,86,13.46
40778,Ofin Shelterbelt Headwaters,697,114,16.36
40779,Ongwam,658,107,16.26
40780,Opro River,713,114,15.99
40781,Abisu,683,105,15.37
40782,Esukawkaw,736,131,17.80
40783,Kade Bepo,722,127,17.59
40784,Nkawanda,715,125,17.48
40785,Northern Scarp (East),736,118,16.03
40786,Northern Scarp (West),707,115,16.27
40787,North Fomangsu,740,131,17.70
40788,Southern Scarp,815,142,17.42
40789,Worobong (North),741,117,15.79
40790,Worobong Kwahu,713,119,16.69
40791,Worobong (South),698,117,16.76
40792,Aiyaola,727,134,18.43
40793,Ajenjua Bepo,713,130,18.23
40794,Auro River,715,132,18.46
40795,Bediako,719,133,18.50
40796,Bemu,726,141,19.42
40797,Birim,709,135,19.04
40798,Birim Extension,708,135,19.07
40799,Esen Epam,728,138,18.96
40800,Esuboni For,723,135,18.67
40803,Kajeasi,722,131,18.14
40804,Kwekaru,720,128,17.78
40806,Mamang River,723,134,18.53
40807,Nsuensa,725,135,18.62
40808,Oboyow,725,139,19.17
40809,Pra Anum,719,135,18.78
40810,Pra Birim,709,135,19.04
40811,Bia Tawya,708,127,17.94
40812,Bia Tributaries North,716,119,16.62
40814,Bodi,692,127,18.35
40816,Manzan,689,112,16.26
40817,Muro,716,127,17.74
40818,Subuma,686,128,18.66
40820,Sui River,703,128,18.21
40821,Sukusuki,678,121,17.85
40822,Tano Ehuro,686,128,18.66
40823,Tano Suhyien,691,125,18.09
40824,Tano Suraw Extension,687,126,18.34
40825,Tano Suraw,678,126,18.58
40826,Ankasa River,703,138,19.63
40827,Bonsa River,682,134,19.65
40828,Cape Three Points,637,123,19.31
40829,Draw River,681,134,19.68
40830,Ebi Shelterbelt River,663,132,19.91
40831,Ndumfri,673,134,19.91
40832,Neung  South,669,134,20.03
40834,Boin Tano,691,131,18.96
40835,Boin River,700,130,18.57
40836,Disue River,676,127,18.79
40838,Fure River,667,129,19.34
40839,Mamiri,680,129,18.97
40840,Dadieso,696,129,18.53
40841,Jema Asemkrom,687,133,19.36
40842,Tano Anwia,680,128,18.82
40843,Tano Nimri or Tano Nimiri,694,130,18.73
40844,Yoyo River,684,128,18.71
40845,Afao Hills,679,126,18.56
40846,Anhwiaso East,736,134,18.21
40848,Ben East,701,137,19.54
40849,Ben West,671,130,19.37
40850,Bonsa Ben,711,137,19.27
40851,Minta,706,137,19.41
40852,Nkonto Ben,661,130,19.67
40853,Angoben Shelterbelt,664,128,19.28
40854,Bura River,691,130,18.81
40855,Totua Shelterbelt,686,129,18.80
40856,Bowiye Range,757,133,17.57
40857,Opon mansi,679,129,19.00
40858,Tonton,666,128,19.22
40859,Upper Wassaw,671,126,18.78
40860,Anumso North,722,124,17.17
40861,Anumso South,719,123,17.11
40862,Bandai Hills,693,116,16.74
40863,Bobiri,705,125,17.73
40864,Bomfoum,686,114,16.62
40865,Dome River,715,127,17.76
40866,Mirasa Hills,719,132,18.36
40867,"Ongwam Blk I, II and III",701,115,16.41
40868,Onyimsu,732,128,17.49
40869,Prakaw,717,128,17.85
40870,South Fomangsu,720,127,17.64
40871,Bosomoa,613,83,13.54
40872,Nsemere,594,83,13.97
40873,Sawsaw,598,82,13.71
40874,Tain Tributaries,599,86,14.36
40875,Tain Tributaries II,643,91,14.15
40876,Yaya,654,93,14.22
40877,Apedua,725,127,17.52
40878,Atewa Range,766,135,17.62
40880,Pru Shelterbelt,601,86,14.31
40887,Buru,596,70,11.74
40889,North Bandai Hills,671,104,15.50
40890,Bukanaw Shelterbelt,694,109,15.71
40892,Chipa Tributaries,731,122,16.69
40894,Fiankonya Stream,707,116,16.41
62085,Tanji/Karenti,639,74,11.58
62087,Kogo,546,58,10.62
62088,Gujba,524,61,11.64
67727,Air and Ténéré Natural Reserves,1,1,100.00
67822,La Mare d?Oursi,378,56,14.81
67823,La Mare aux hippopotames,543,67,12.34
67824,Site Ramsar du Complexe W,611,74,12.11
67965,Owabi,693,121,17.46
67970,Anlo-Keta lagoon complex,701,109,15.55
67983,Ile Alcatraz,24,6,25.00
67984,Iles Tristao,586,64,10.92
67985,Rio Kapatchez,531,56,10.55
67986,Rio Pongo,522,53,10.15
67987,Konkouré,544,55,10.11
67988,Ile Blanche,24,5,20.83
68151,Djoudj,471,76,16.14
68153,Delta du Saloum,666,83,12.46
68154,Gueumbeul,479,75,15.66
68788,Kyabobo,679,80,11.78
95397,Parc national de la Keran,627,63,10.05
95398,Reserve de faune de Togodo,641,87,13.57
109037,Niumi National Park,638,77,12.07
124385,W National Park of Niger,570,71,12.46
145528,Parc national d'Azagny,717,136,18.97
145529,Baobolon Wetland Reserve,660,76,11.52
300680,Forest Reserve Name Unknown (NGA) No.1,414,64,15.46
300681,Forest Reserve Name Unknown (NGA) No.2,430,65,15.12
300682,Forest Reserve Name Unknown (NGA) No.3,463,75,16.20
300684,Forest Reserve Name Unknown (NGA) No.5,407,53,13.02
300685,Forest Reserve Name Unknown (NGA) No.6,435,64,14.71
300686,Forest Reserve Name Unknown (NGA) No.7,411,54,13.14
300687,Forest Reserve Name Unknown (NGA) No.8,456,54,11.84
300688,Forest Reserve Name Unknown (NGA) No.9,459,64,13.94
300690,Forest Reserve Name Unknown (NGA) No.11,462,64,13.85
300691,Forest Reserve Name Unknown (NGA) No.12,485,73,15.05
300692,Forest Reserve Name Unknown (NGA) No.13,482,69,14.32
300693,Forest Reserve Name Unknown (NGA) No.14,469,61,13.01
300694,Forest Reserve Name Unknown (NGA) No.15,483,62,12.84
300695,Forest Reserve Name Unknown (NGA) No.16,485,58,11.96
300696,Forest Reserve Name Unknown (NGA) No.17,483,58,12.01
300697,Forest Reserve Name Unknown (NGA) No.18,486,58,11.93
300699,Forest Reserve Name Unknown (NGA) No.19,485,63,12.99
300700,Forest Reserve Name Unknown (NGA) No.20,490,63,12.86
300701,Forest Reserve Name Unknown (NGA) No.21,501,64,12.77
300702,Forest Reserve Name Unknown (NGA) No.22,538,80,14.87
300703,Forest Reserve Name Unknown (NGA) No.23,534,84,15.73
300704,Forest Reserve Name Unknown (NGA) No.24,480,54,11.25
300705,Forest Reserve Name Unknown (NGA) No.25,536,79,14.74
300706,Forest Reserve Name Unknown (NGA) No.26,486,53,10.91
300707,Forest Reserve Name Unknown (NGA) No.27,485,53,10.93
300708,Forest Reserve Name Unknown (NGA) No.28,485,53,10.93
300709,Forest Reserve Name Unknown (NGA) No.29,511,58,11.35
300710,Kwaimbana,612,72,11.76
300711,Forest Reserve Name Unknown (NGA) No.30,513,63,12.28
300712,Forest Reserve Name Unknown (NGA) No.31,518,63,12.16
300713,Forest Reserve Name Unknown (NGA) No.32,504,52,10.32
300714,Forest Reserve Name Unknown (NGA) No.33,514,63,12.26
300715,Forest Reserve Name Unknown (NGA) No.34,519,54,10.40
300716,Forest Reserve Name Unknown (NGA) No.35,541,84,15.53
300717,Forest Reserve Name Unknown (NGA) No.36,536,59,11.01
300719,Sambisa,551,83,15.06
300720,Kasanu,571,60,10.51
300723,Forest Reserve Name Unknown (NGA) No.37,509,50,9.82
300724,Forest Reserve Name Unknown (NGA) No.38,505,51,10.10
300725,Forest Reserve Name Unknown (NGA) No.39,507,51,10.06
300726,Calicednat,593,58,9.78
300727,Soukourou,521,48,9.21
300728,Forest Reserve Name Unknown (NGA) No.40,534,49,9.18
300731,Pouniokele,535,52,9.72
300732,Dokin,599,62,10.35
300733,Forest Reserve Name Unknown (NGA) No.41,598,58,9.70
300734,Forest Reserve Name Unknown (NGA) No.42,595,58,9.75
300735,Kouatie,575,55,9.57
300736,Forest Reserve Name Unknown (NGA) No.43,635,72,11.34
300737,Jarawa Hill,608,59,9.70
300738,Mt Amalo,574,54,9.41
300739,Classified Forest Name Unknown (CIV) No.1,538,53,9.85
300740,Forest Reserve Name Unknown (NGA) No.44,605,59,9.75
300741,Classified Forest Name Unknown (CIV) No.2,571,45,7.88
300742,Forest Reserve Name Unknown (NGA) No.45,604,61,10.10
300743,Lougbo,561,48,8.56
300744,Forest Reserve Name Unknown (NGA) No.46,604,59,9.77
300745,Forest Reserve Name Unknown (NGA) No.47,607,62,10.21
300746,Forest Reserve Name Unknown (NGA) No.48,608,61,10.03
300747,Ouarigue,588,52,8.84
300748,Tinrido,504,49,9.72
300749,Gbanala,511,52,10.18
300750,Samatiguila,510,50,9.80
300751,Forest Reserve Name Unknown (NGA) No.49,532,48,9.02
300752,Forest Reserve Name Unknown (NGA) No.50,636,72,11.32
300753,Lapale,549,56,10.20
300754,Konza Kourou,505,52,10.30
300755,Classified Forest Name Unknown (CIV) No.3,561,45,8.02
300756,Classified Forest Name Unknown (CIV) No.4,562,45,8.01
300757,Forest Reserve Name Unknown (NGA) No.51,574,58,10.10
300758,Forest Reserve Name Unknown (NGA) No.52,573,58,10.12
300759,Lopboho,564,47,8.33
300760,Forest Reserve Name Unknown (NGA) No.53,628,72,11.46
300762,Kara,584,55,9.42
300765,Forest Reserve Name Unknown (NGA) No.56,577,62,10.75
300766,Forest Reserve Name Unknown (NGA) No.57,640,74,11.56
300767,Sirka,577,55,9.53
300768,Boundiali,617,65,10.53
300769,Forest Reserve Name Unknown (NGA) No.58,613,68,11.09
300770,Classified Forest Name Unknown (CIV) No.5,541,51,9.43
300771,Forest Reserve Name Unknown (NGA) No.59,612,68,11.11
300772,Classified Forest Name Unknown (CIV) No.6,560,47,8.39
300773,Classified Forest Name Unknown (CIV) No.7,579,51,8.81
300774,Classified Forest Name Unknown (CIV) No.8,513,57,11.11
300775,Odinne,550,59,10.73
300776,Bdoule,553,58,10.49
300777,Classified Forest Name Unknown (CIV) No.9,534,51,9.55
300778,Classified Forest Name Unknown (CIV) No.10,532,51,9.59
300779,Foula,514,55,10.70
300780,Gouari,544,52,9.56
300781,Zandougou,564,55,9.75
300782,N'zi Superieure,653,69,10.57
300783,Classified Forest Name Unknown (CIV) No.11,584,50,8.56
300784,Classified Forest Name Unknown (CIV) No.12,548,54,9.85
300785,Upper Ogun,685,96,14.01
300786,Foumbou,590,60,10.17
300787,Classified Forest Name Unknown (CIV) No.13,610,59,9.67
300788,Classified Forest Name Unknown (CIV) No.14,566,56,9.89
300789,Yani,562,55,9.79
300790,Nyellepuo,647,70,10.82
300791,Classified Forest Name Unknown (CIV) No.15,588,55,9.35
300792,Classified Forest Name Unknown (CIV) No.16,649,74,11.40
300793,Lafiagi Oro,595,64,10.76
300794,Bandama Rouge,614,75,12.21
300795,Yarani,593,69,11.64
300796,Okpara,652,88,13.50
300797,Boa,547,52,9.51
300798,Tyemba,565,60,10.62
300799,Forest Reserve Name Unknown (NGA) No.61,594,65,10.94
300800,Log-boyo,658,80,12.16
300801,Forest Reserve Name Unknown (NGA) No.62,577,68,11.79
300802,Classified Forest Name Unknown (CIV) No.17,615,71,11.54
300804,Classified Forest Name Unknown (CIV) No.18,652,82,12.58
300805,Classified Forest Name Unknown (CIV) No.19,628,72,11.46
300806,Classified Forest Name Unknown (CIV) No.20,650,86,13.23
300807,Balam,628,70,11.15
300809,Nangbyon,636,76,11.95
300810,Kiri,537,57,10.61
300811,Classified Forest Name Unknown (CIV) No.21,636,87,13.68
300812,Classified Forest Name Unknown (CIV) No.22,604,73,12.09
300813,Bere,627,79,12.60
300814,Kamesso,678,94,13.86
300815,Foro Foro,623,74,11.88
300816,Classified Forest Name Unknown (CIV) No.23,620,73,11.77
300817,Classified Forest Name Unknown (CIV) No.24,638,78,12.23
300818,Dora Diaro,644,91,14.13
300819,Classified Forest Name Unknown (CIV) No.25,630,78,12.38
300820,Classified Forest Name Unknown (CIV) No.26,628,92,14.65
300821,Bableu,711,106,14.91
300822,Classified Forest Name Unknown (CIV) No.27,637,75,11.77
300823,Classified Forest Name Unknown (CIV) No.28,635,77,12.13
300824,Moyenne Marahoue,637,82,12.87
300825,Eda 1,571,79,13.84
300826,Kouadikro,648,94,14.51
300827,Classified Forest Name Unknown (CIV) No.29,631,77,12.20
300828,Classified Forest Name Unknown (CIV) No.30,657,93,14.16
300829,Mt. De,646,86,13.31
300830,Classified Forest Name Unknown (CIV) No.31,646,85,13.16
300831,Classified Forest Name Unknown (CIV) No.32,638,82,12.85
300832,Hawe,613,71,11.58
300833,Classified Forest Name Unknown (CIV) No.33,784,137,17.47
300834,Classified Forest Name Unknown (CIV) No.34,735,120,16.33
300835,Classified Forest Name Unknown (CIV) No.35,780,134,17.18
300836,Bena,671,83,12.37
300837,Classified Forest Name Unknown (CIV) No.36,623,89,14.29
300838,Klouamian,653,97,14.85
300839,Classified Forest Name Unknown (CIV) No.37,631,81,12.84
300840,Classified Forest Name Unknown (CIV) No.38,673,103,15.30
300841,Seri,589,81,13.75
300842,Soungounau,631,80,12.68
300843,Classified Forest Name Unknown (CIV) No.39,740,125,16.89
300844,Classified Forest Name Unknown (CIV) No.40,695,101,14.53
300845,Tankesse,620,90,14.52
300846,Classified Forest Name Unknown (CIV) No.41,709,116,16.36
300847,Classified Forest Name Unknown (CIV) No.42,779,137,17.59
300848,Classified Forest Name Unknown (CIV) No.43,790,140,17.72
300849,Classified Forest Name Unknown (CIV) No.44,676,109,16.12
300850,De,729,110,15.09
300851,Classified Forest Name Unknown (CIV) No.45,639,83,12.99
300852,Classified Forest Name Unknown (CIV) No.46,638,83,13.01
300853,Mt. Sassandra,755,125,16.56
300854,Classified Forest Name Unknown (CIV) No.47,667,84,12.59
300855,Classified Forest Name Unknown (CIV) No.48,643,84,13.06
300856,Classified Forest Name Unknown (CIV) No.49,635,87,13.70
300857,Classified Forest Name Unknown (CIV) No.50,659,95,14.42
300858,Haito,704,97,13.78
300859,Classified Forest Name Unknown (CIV) No.51,623,87,13.96
300860,Classified Forest Name Unknown (CIV) No.52,657,88,13.39
300861,Boli,658,93,14.13
300862,Elroukro,665,93,13.98
300863,Ifon,598,107,17.89
300864,Classified Forest Name Unknown (CIV) No.53,719,124,17.25
300865,Classified Forest Name Unknown (CIV) No.54,634,88,13.88
300866,Vavoua,682,108,15.84
300867,Kra,656,89,13.57
300868,Shasha,680,134,19.71
300869,Abeanou,726,105,14.46
300870,Kamatan,614,88,14.33
300872,Ndokouassikro,649,92,14.18
300874,Tete,666,97,14.56
300876,Tos,727,111,15.27
300877,Nuatja Sud,660,91,13.79
300878,Ebrinenou,689,111,16.11
300879,Marahoue,725,105,14.48
300880,Bouafle,680,109,16.03
300881,Arrah,674,108,16.02
300882,Plaine des Elephants,743,114,15.34
300883,Ekiadolor,640,136,21.25
300885,Zagoreta,667,116,17.39
300886,Ehor,572,121,21.15
300887,Bongouanou,686,109,15.89
300890,Classified Forest Name Unknown (CIV) No.55,680,111,16.32
300891,Classified Forest Name Unknown (CIV) No.56,704,120,17.05
300892,Bayota,728,124,17.03
300893,Ebor,595,126,21.18
300894,Gouin,683,135,19.77
300895,Agbo,702,126,17.95
300896,Forest Reserve Name Unknown (NGA) No.69,555,99,17.84
300897,Mt. Sainte/Cavally,667,136,20.39
300898,Enugu,609,122,20.03
300899,Issia,682,128,18.77
300900,Classified Forest Name Unknown (CIV) No.57,691,119,17.22
300901,Classified Forest Name Unknown (CIV) No.58,720,139,19.31
300902,Oume Doka,718,119,16.57
300903,Orumbo Boka,700,118,16.86
300905,Bayeme,652,94,14.42
300906,Forest Reserve Name Unknown (NGA) No.72,549,101,18.40
300910,Kravassou,705,124,17.59
300911,Adzope,701,127,18.12
300912,Classified Forest Name Unknown (CIV) No.59,701,125,17.83
300913,Jogble,650,93,14.31
300914,Taabo,716,122,17.04
300915,Ananguie,729,128,17.56
300916,Forest Reserve Name Unknown (NGA) No.74,554,110,19.86
300917,Forest Reserve Name Unknown (NGA) No.75,555,113,20.36
300919,Kassa,732,128,17.49
300921,Offumpo,725,128,17.66
300922,Forest Reserve Name Unknown (NGA) No.78,569,120,21.09
300925,Forest Reserve Name Unknown (NGA) No.80,577,124,21.49
300926,Classified Forest Name Unknown (CIV) No.60,687,126,18.34
300928,Classified Forest Name Unknown (CIV) No.61,665,127,19.10
300929,Classified Forest Name Unknown (CIV) No.62,665,127,19.10
300930,Nizoro,671,127,18.93
300931,Kavi,724,130,17.96
300932,Massa Me,700,128,18.29
300933,Classified Forest Name Unknown (CIV) No.63,716,131,18.30
300934,Classified Forest Name Unknown (CIV) No.64,722,131,18.14
300937,Classified Forest Name Unknown (CIV) No.65,663,127,19.16
300938,Classified Forest Name Unknown (CIV) No.66,712,132,18.54
300939,Classified Forest Name Unknown (CIV) No.67,707,130,18.39
300940,Classified Forest Name Unknown (CIV) No.68,701,129,18.40
300941,Zakpaberi,662,126,19.03
300944,Classified Forest Name Unknown (CIV) No.69,709,132,18.62
300945,Classified Forest Name Unknown (CIV) No.70,709,131,18.48
300946,Tanoe,699,134,19.17
300947,Nibi Hana,687,130,18.92
300948,N. Zodji,705,132,18.72
300951,Classified Forest Name Unknown (CIV) No.71,710,132,18.59
300952,Classified Forest Name Unknown (CIV) No.72,681,134,19.68
300953,Classified Forest Name Unknown (CIV) No.73,686,130,18.95
300954,Classified Forest Name Unknown (CIV) No.74,711,138,19.41
300955,Mt. Bolo,650,123,18.92
300956,Classified Forest Name Unknown (CIV) No.75,685,136,19.85
300959,Classified Forest Name Unknown (CIV) No.76,682,136,19.94
300960,Audoin,709,138,19.46
300961,Nzida,692,134,19.36
300963,Kokoh,698,136,19.48
300964,Nganda Nganda,682,134,19.65
300965,Port Gautier,664,127,19.13
300966,Dassieko,658,130,19.76
301724,Classified Forest Name Unknown (CIV) No.77,688,137,19.91
303922,Gori Hills,699,105,15.02
303923,Kasewe,649,98,15.10
303924,Tabe,632,103,16.30
303925,Kambui Hills and Extensions,711,130,18.28
303926,Forest Reserve (Name unknown1),600,64,10.67
303927,Forest Reserve (Name unknown2),592,61,10.30
303928,Forest Reserve (Name unknown3),619,92,14.86
303929,Forest Reserve (Name unknown4),629,108,17.17
303930,Forest Reserve (Name unknown5),648,116,17.90
303931,Forest Reserve (Name unknown6),628,112,17.83
303932,Forest Reserve (Name unknown7),628,113,17.99
303933,Forest Reserve (Name unknown8),635,115,18.11
303935,Zawli Hills,548,59,10.77
303936,Uppe Bli,542,56,10.33
303937,Ghira,536,59,11.01
303938,Navrongo North,546,59,10.81
303939,Karaka Plantation,570,67,11.75
303940,Ankwai East,579,58,10.02
303941,Bopong,556,59,10.61
303942,Kandenbelli,559,56,10.02
303943,Fumbesi,563,55,9.77
303944,Ambalalai,575,56,9.74
303945,Karanja,570,49,8.60
303946,Tanja,605,56,9.26
303947,Sephe,599,59,9.85
303948,Bilisu,582,55,9.45
303949,Sinsableswani,587,56,9.54
303950,Dunwli,600,62,10.33
303951,Kani kani,622,66,10.61
303952,Bia Tano Blk 1,703,118,16.79
303953,Bunkunaw,693,112,16.16
303954,Dechidan Stream,689,115,16.69
303955,Jimira Extension,696,126,18.10
303956,Neung North,668,133,19.91
303957,Obrachere,688,118,17.15
303958,Obrachere 1,687,117,17.03
303959,Laboni,600,59,9.83
303960,Bia Trans,690,114,16.52
303961,Subri River,728,143,19.64
303962,Tano Ofin Extension,703,124,17.64
313422,Toumousseni,551,52,9.44
313423,Yendere,553,48,8.68
313425,Sources de la Volta Noire,548,59,10.77
313427,Kua,533,60,11.26
313428,Nabere,544,66,12.13
313430,Bounou,522,65,12.45
313432,Bouahoum,523,64,12.24
313435,Kalio,532,67,12.59
313438,Ouoro,510,65,12.75
313440,Yabo,453,57,12.58
313441,Nakambe,528,61,11.55
313442,Kongouko,592,62,10.47
317051,Rio Grande de Buba,594,68,11.45
317192,Flawa,516,50,9.69
317193,Wongo,506,50,9.88
317194,Bafing,508,51,10.04
317195,Kouroufing,505,52,10.30
317286,Nialama (or Nyalama),524,49,9.35
317287,Souti-Yanfu,587,55,9.37
342470,Tadres,228,43,18.86
342473,Gambare,498,49,9.84
342474,Ewun Rafia,592,62,10.47
342475,Kurba,514,51,9.92
342477,Nasarawa,544,57,10.48
342479,Warwade,507,58,11.44
342480,Kwakuti,601,65,10.82
342656,Varela,601,69,11.48
342657,Pelundo,581,63,10.84
342658,Dungal,542,52,9.59
342659,Canjambari,548,51,9.31
342660,Sumbundo,545,51,9.36
342661,Canquelifa,526,47,8.94
342662,Mansoa,565,55,9.73
342670,Boé,593,55,9.27
342671,Ché Ché,603,56,9.29
342672,Salifo,571,54,9.46
342673,Cufada,603,65,10.78
351088,Cantanhez Forest,614,69,11.24
352605,Foret de Ndioum Dieri,388,68,17.53
352606,Foret de Amboura,421,71,16.86
352607,Sogobe,472,77,16.31
352608,Foret de Tilene et Ndiaye,473,73,15.43
352609,Six Forage,479,79,16.49
352610,Foret de Keur Momar Sarr,497,77,15.49
352611,Foret de Mpal,477,74,15.51
352612,Foret de Leybar,476,73,15.34
352613,Lougguere Todji,391,58,14.83
352614,Khadar,375,53,14.13
352615,Foret de Diamel,371,67,18.06
352616,Yonofere,384,54,14.06
352617,Barkedji Dodji,368,51,13.86
352618,Foret de Pate,631,83,13.15
352619,Boulal,417,59,14.15
352620,Foret de Boulierobe,427,64,14.99
352621,Khogue,363,46,12.67
352622,Deali,434,61,14.06
352623,Velingara,370,46,12.43
352624,Linde Sud,382,46,12.04
352625,Oldou Debokol,423,58,13.71
352626,Foret de Pire-Goureye,462,57,12.34
352627,Bem-Bem,370,45,12.16
352628,Sab-Sabre,399,45,11.28
352629,Doli,419,49,11.69
352630,Foret de Thies,499,60,12.02
352631,Mbegue,457,47,10.28
352632,Foret de Bandia,511,58,11.35
352633,Siné-Saloum,451,48,10.64
352634,Foret de Panal,503,54,10.74
352635,Foret de Narangs,513,59,11.50
352636,Foret de Tamba- Nord,536,54,10.07
352637,Foret de Birkelane,483,46,9.52
352638,Foret de Goudiri,481,48,9.98
352639,Foret de Kassas,472,46,9.75
352640,Foret de Delbi,489,48,9.82
352641,Foret de Bala- Est,484,48,9.92
352642,Foret des Paniates,542,59,10.89
352643,Foret de Sagna,473,45,9.51
352644,Foret de Malem Niani,556,59,10.61
352645,Foret de Wélor,525,55,10.48
352646,Foret de Malem-Hodar,507,50,9.86
352647,Foret de Bala- Ouest,488,49,10.04
352648,Foret de Maka Yop-ouest,548,58,10.58
352649,Foret de Maka Yop-est,537,57,10.61
352650,Khogue,550,59,10.73
352651,Foret du Ouli,530,53,10.00
352652,Foret de Botou,528,51,9.66
352653,Foret de Ndankou,592,67,11.32
352654,Foret de Tamba-sud,543,54,9.94
352655,Foret de Ngayene,604,68,11.26
352656,Foret de Patako,602,68,11.30
352657,Foret de Fathala,615,71,11.54
352658,Foret de Diambour,613,62,10.11
352659,Foret de Pane,592,67,11.32
352660,Foret de Mambi,597,66,11.06
352661,Foret de Baria,613,69,11.26
352662,Foret de Pata,647,71,10.97
352663,Foret de Kantora,598,57,9.53
352664,Foret du Guimara,626,65,10.38
352665,Foret des Narangs,649,74,11.40
352666,Foret de Kandiadiou,643,69,10.73
352667,Foret d'Essom,648,71,10.96
352668,Foret de l'Anambe,547,49,8.96
352669,Foret de Bakor,566,52,9.19
352670,Foret de Diatouma,562,50,8.90
352671,Foret de Sadiata,567,50,8.82
352672,Foret de Koulaye,623,65,10.43
352673,Foret de Dabo,674,74,10.98
352674,Foret de Mahon,556,51,9.17
352675,Foret de la Kayanga,568,52,9.15
352676,Foret de Kalounayes,633,69,10.90
352677,Foret de Bari,600,61,10.17
352678,Foret de Yassine,608,65,10.69
352679,Foret de Toutoune,536,49,9.14
352680,Foret du Balmadou,566,54,9.54
352681,Foret du Boudie,594,62,10.44
352682,Foret de Mampaye,553,49,8.86
352683,Foret de Koudora,550,51,9.27
352684,Foret de Tobor,612,64,10.46
352685,Foret de Bissine,593,65,10.96
352686,Foret de Blaz,590,67,11.36
352687,Foret de Bafata,574,62,10.80
352688,Foret de Boukitingo,596,65,10.91
352689,Foret de Diantene,587,63,10.73
352690,Foret d'Oukout,590,63,10.68
352691,Foret des Bayot,594,66,11.11
352692,Foret de Djibelor,595,62,10.42
352693,Foret de Mangaroungou,559,56,10.02
352694,Foret de Bignona,615,66,10.73
352695,Foret de Djipakoum,616,64,10.39
352696,Foret de Sangako,589,70,11.88
352697,Foret de Sokone,547,61,11.15
352698,Foret de Saboya,601,68,11.31
352699,Foret de Gouloumbou,587,57,9.71
354002,Mbe Mountains,663,137,20.66
354003,Afi Mountain,644,133,20.65
902737,Gueltas et Oasis de l?Aïr,1,1,100.00
902738,La mare de Dan Doutchi,340,53,15.59
902739,La mare de Lassouri,321,55,17.13
902740,La mare de Tabalak,281,49,17.44
902741,Oasis du Kawar,84,21,25.00
902838,Réserve de faune de Binder-Léré,555,71,12.79
903024,Tanbi Wetland Complex,662,79,11.93
903104,Apoi Creek Forests,643,156,24.26
903105,Baturiya Wetland,503,74,14.71
903106,Dagona Sanctuary Lake,444,63,14.19
903107,Foge Islands,600,70,11.67
903108,Lower Kaduna-Middle Niger Floodplain,618,70,11.33
903110,Oguta Lake,638,153,23.98
903111,Pandam and Wase Lakes,599,67,11.19
903112,Upper Orashi Forests,681,175,25.70
903113,Lake Chad Wetlands in Nigeria,573,101,17.63
555512165,Foya,772,142,18.39
555512166,Kpo Mountains,733,141,19.24
555512167,Bong Mountain,647,126,19.47
555512168,Gbi,653,126,19.30
555512169,Grand Kru-River Gee,642,127,19.78
555512170,Zwedru,696,142,20.40
555542335,Gola Rainforest National Park,761,135,17.74
555542456,Margibi Mangrove,653,118,18.07
555542457,Lake Piso,696,131,18.82
555547522,Gunjur (Bolonfenyo),617,69,11.18
555547523,Abuko (Buffer),637,73,11.46
555547524,Tanbi,662,79,11.93
555547525,Abokouamekro,687,98,14.26
555547526,Lamto,704,121,17.19
555547987,Lakes of Ounianga,74,21,28.38
555555549,Kilimi,642,68,10.59
555556050,Nema Wula,522,50,9.58
555556051,Mande Wula,520,50,9.62
555556052,Tin Achara,102,32,31.37
555556053,Tidermene Alata,247,57,23.08
555556055,Nienendougou,518,48,9.27
555556056,Inekar,108,33,30.56
555556057,Faragama,522,50,9.58
555556058,Banzana,517,48,9.28
555556059,Nienendougou,517,49,9.48
555556060,Talikourou,551,62,11.25
555556061,Banifing Baoulé,531,59,11.11
555556062,Siankadougou,509,52,10.22
555556063,Nema Wula,527,50,9.49
555556064,Mande Wula,537,52,9.68
555556065,Djangoumerila,522,50,9.58
555556066,Dialakoro,509,51,10.02
555556067,Djinetoumanina,504,48,9.52
555556068,Alata,215,49,22.79
555558302,Sena Oura,535,63,11.78
555558303,Aouk,67,23,34.33
